{"cameraMode":{"drawMode":0,"name":"Shaded","section":"Shading Mode"},"sceneLighting":true,"audioPlay":false,"sceneViewState":{"showFog":true,"showMaterialUpdate":false,"showSkybox":true,"showFlares":true,"showImageEffects":true,"showParticleSystems":true},"in2DMode":false,"pivot":{"x":1.1399762630462647,"y":-0.21280908584594727,"z":18.10973358154297},"rotation":{"x":0.2871722877025604,"y":0.6798123121261597,"z":-0.33242857456207278,"w":0.5872637033462524},"size":6.310979843139648,"orthographic":false}