{"cameraMode":{"drawMode":0,"name":"Shaded","section":"Shading Mode"},"sceneLighting":true,"audioPlay":false,"sceneViewState":{"showFog":true,"showMaterialUpdate":false,"showSkybox":true,"showFlares":true,"showImageEffects":true,"showParticleSystems":true},"in2DMode":false,"pivot":{"x":1.9864501953125,"y":-0.48689061403274538,"z":20.207223892211915},"rotation":{"x":0.18915751576423646,"y":0.18465708196163178,"z":-0.036244820803403857,"w":0.9637466669082642},"size":10.349607467651368,"orthographic":false}